mes,receita_total,quantidade,n_vendas
1,170340.85,106,16
2,106671.24,68,13
3,118729.54999999999,65,15
4,25467.79,42,8
5,113526.85,67,18
6,96744.25,50,12
7,60590.36,59,14
8,146114.9,99,17
9,132495.86000000002,93,16
10,103459.03,93,18
11,55682.78,92,16
12,182903.03,100,18
